price;price_parcela;title
R$ 2.098,99Selo PrimeEsta Ã© uma oferta prime10x de R$ 209,89 s/ juros;R$ 2.098,99 em atÃ© 12x de R$ 174,91 s/ juros com Ame e receba R$ 104,95 (5% de volta) R$ 1.889,09 em 1x no cartÃ£o de crÃ©dito (10% de desconto)R$ 1.889,09 no cartÃ£o Americanas.com em atÃ© 12x de R$ 157,42 s/ juros (10% de desconto)formas de parcelamento;"iPhone 6s 32GB RosÃª Tela Retina HD 4,7"" 3D Touch CÃ¢mera 12MP - Apple nas Lojas Americanas.com"
R$ 1.989,0010x de R$ 198,90 s/ juros;R$ 1.989,00 em atÃ© 12x de R$ 165,75 s/ juros com Ame e receba R$ 298,35 (15% de volta) R$ 1.790,10 em 1x no cartÃ£o Americanas.com (10% de desconto) ou R$ 1.989,00 em atÃ© 12x de R$ 165,75 s/ jurosformas de parcelamento;"Iphone 6 32GB Dourado, Tela 4.7"" IOS 8, CÃ¢mera 8MP, 4G Processador 1.4 Ghz Dual Core - Apple nas Lojas Americanas.com"
R$ 2.098,99Selo PrimeEsta Ã© uma oferta prime10x de R$ 209,89 s/ juros;R$ 2.098,99 em atÃ© 12x de R$ 174,91 s/ juros com Ame e receba R$ 104,95 (5% de volta) R$ 1.889,09 em 1x no cartÃ£o de crÃ©dito (10% de desconto)R$ 1.889,09 no cartÃ£o Americanas.com em atÃ© 12x de R$ 157,42 s/ juros (10% de desconto)formas de parcelamento;"iPhone 6s 32GB Cinza Tela Retina HD 4,7"" 3D Touch CÃ¢mera 12MP - Apple nas Lojas Americanas.com"
R$ 2.748,99 (10% de desconto)R$ 2.474,09Selo PrimeEsta Ã© uma oferta primeem 1x no cartÃ£o;R$ 2.748,99 em atÃ© 12x de R$ 229,08 s/ juros com Ame e receba R$ 137,45 (5% de volta) R$ 2.748,99 no boleto bancÃ¡rioR$ 2.748,99 no cartÃ£o de crÃ©dito em atÃ© 10x de R$ 274,89 s/ jurosR$ 2.474,09 no cartÃ£o Americanas.com em atÃ© 12x de R$ 206,17 s/ juros (10% de desconto)formas de parcelamento;iPhone 7 32GB Ouro Rosa Desbloqueado IOS 10 Wi-fi + 4G CÃ¢mera 12MP - Apple nas Lojas Americanas.com
R$ 3.199,00 (10% de desconto)R$ 2.879,10Selo PrimeEsta Ã© uma oferta primeem 1x no cartÃ£o;R$ 3.199,00 em atÃ© 12x de R$ 266,58 s/ juros com Ame e receba R$ 159,95 (5% de volta) R$ 3.199,00 no boleto bancÃ¡rioR$ 3.199,00 no cartÃ£o de crÃ©dito em atÃ© 10x de R$ 319,90 s/ jurosR$ 2.879,10 no cartÃ£o Americanas.com em atÃ© 12x de R$ 239,92 s/ juros (10% de desconto)formas de parcelamento;"iPhone 7 Plus 32GB Ouro Rosa Tela Retina HD 5,5"" 3D Touch CÃ¢mera Dupla de 12MP - Apple nas Lojas Americanas.com"
R$ 3.379,00Selo PrimeEsta Ã© uma oferta prime10x de R$ 337,90 s/ juros;R$ 3.379,00 em atÃ© 12x de R$ 281,58 s/ juros com Ame e receba R$ 168,95 (5% de volta) R$ 3.041,10 em 1x no cartÃ£o de crÃ©dito (10% de desconto)R$ 3.041,10 no cartÃ£o Americanas.com em atÃ© 12x de R$ 253,42 s/ juros (10% de desconto)formas de parcelamento;"iPhone 8 64GB Dourado Tela 4.7"" IOS 4G CÃ¢mera 12MP - Apple nas Lojas Americanas.com"
R$ 3.499,00 (10% de desconto)R$ 3.149,10Selo PrimeEsta Ã© uma oferta primeem 1x no cartÃ£o;R$ 3.499,00 em atÃ© 12x de R$ 291,58 s/ juros com Ame e receba R$ 174,95 (5% de volta) R$ 3.499,00 no boleto bancÃ¡rioR$ 3.499,00 no cartÃ£o de crÃ©dito em atÃ© 10x de R$ 349,90 s/ jurosR$ 3.149,10 no cartÃ£o Americanas.com em atÃ© 12x de R$ 262,42 s/ juros (10% de desconto)formas de parcelamento;"iPhone 8 64GB Cinza Espacial Tela 4.7"" IOS 4G CÃ¢mera 12MP - Apple nas Lojas Americanas.com"
R$ 2.776,76 (10% de desconto)R$ 2.499,08Selo PrimeEsta Ã© uma oferta primeem 1x no cartÃ£o;R$ 2.776,76 em atÃ© 12x de R$ 231,39 s/ juros com Ame e receba R$ 138,84 (5% de volta) R$ 2.776,76 no boleto bancÃ¡rioR$ 2.776,76 no cartÃ£o de crÃ©dito em atÃ© 10x de R$ 277,67 s/ jurosR$ 2.499,08 no cartÃ£o Americanas.com em atÃ© 12x de R$ 208,25 s/ juros (10% de desconto)formas de parcelamento;iPhone 7 32GB Preto Matte Desbloqueado IOS 10 Wi-fi + 4G CÃ¢mera 12MP - Apple nas Lojas Americanas.com
R$ 2.110,00 (10% de desconto)R$ 1.899,00Selo PrimeEsta Ã© uma oferta primeem 1x no cartÃ£o;R$ 2.110,00 em atÃ© 12x de R$ 175,83 s/ juros com Ame e receba R$ 105,50 (5% de volta) R$ 2.110,00 no boleto bancÃ¡rioR$ 2.110,00 no cartÃ£o de crÃ©dito em atÃ© 10x de R$ 211,00 s/ jurosR$ 1.899,00 no cartÃ£o Americanas.com em atÃ© 12x de R$ 158,25 s/ juros (10% de desconto)formas de parcelamento;"iPhone 6s 32GB Prata Tela Retina HD 4,7"" 3D Touch CÃ¢mera 12MP - Apple nas Lojas Americanas.com"
R$ 1.914,99Selo PrimeEsta Ã© uma oferta prime10x de R$ 191,49 s/ juros;R$ 1.914,99 em atÃ© 12x de R$ 159,58 s/ juros com Ame e receba R$ 95,75 (5% de volta) R$ 1.723,49 em 1x no cartÃ£o Americanas.com (10% de desconto) ou R$ 1.914,99 em atÃ© 12x de R$ 159,58 s/ jurosformas de parcelamento;"iPhone 6 32gb Cinza Espacial, tela 4.7"" IOS 10, Camera 8MP, 4G Processador A8 1.4 GHz Dual Core - Apple nas Lojas Americanas.com"
R$ 2.098,99 (10% de desconto)R$ 1.889,09Selo PrimeEsta Ã© uma oferta primeem 1x no cartÃ£o;R$ 2.098,99 em atÃ© 12x de R$ 174,91 s/ juros com Ame e receba R$ 104,95 (5% de volta) R$ 2.098,99 no boleto bancÃ¡rioR$ 2.098,99 no cartÃ£o de crÃ©dito em atÃ© 10x de R$ 209,89 s/ jurosR$ 1.889,09 no cartÃ£o Americanas.com em atÃ© 12x de R$ 157,42 s/ juros (10% de desconto)formas de parcelamento;"iPhone 6S 32GB Dourado Tela 4,7"" IOS 4G CÃ¢mera 12MP - Apple nas Lojas Americanas.com"
R$ 3.199,00Selo PrimeEsta Ã© uma oferta prime10x de R$ 319,90 s/ juros;R$ 3.199,00 em atÃ© 12x de R$ 266,58 s/ juros com Ame e receba R$ 159,95 (5% de volta) R$ 2.879,10 em 1x no cartÃ£o de crÃ©dito (10% de desconto)R$ 2.879,10 no cartÃ£o Americanas.com em atÃ© 12x de R$ 239,92 s/ juros (10% de desconto)formas de parcelamento;"iPhone 7 Plus 32GB Preto Matte Tela Retina HD 5,5"" 3D Touch CÃ¢mera Dupla de 12MP - Apple nas Lojas Americanas.com"
R$ 3.499,00Selo PrimeEsta Ã© uma oferta prime10x de R$ 349,90 s/ juros;R$ 3.499,00 em atÃ© 12x de R$ 291,58 s/ juros com Ame e receba R$ 174,95 (5% de volta) R$ 3.149,10 em 1x no cartÃ£o de crÃ©dito (10% de desconto)R$ 3.149,10 no cartÃ£o Americanas.com em atÃ© 12x de R$ 262,42 s/ juros (10% de desconto)formas de parcelamento;"iPhone 8 64GB Prata Tela 4.7"" IOS 4G CÃ¢mera 12MP - Apple nas Lojas Americanas.com"
R$ 3.665,56Selo PrimeEsta Ã© uma oferta prime10x de R$ 366,55 s/ juros;R$ 3.665,56 em atÃ© 12x de R$ 305,46 s/ juros com Ame e receba R$ 183,28 (5% de volta) R$ 3.299,00 em 1x no cartÃ£o de crÃ©dito (10% de desconto)R$ 3.299,00 no cartÃ£o Americanas.com em atÃ© 12x de R$ 274,91 s/ juros (10% de desconto)formas de parcelamento;"iPhone 7 Plus 128GB Preto Matte Tela Retina HD 5,5"" 3D Touch CÃ¢mera Dupla de 12MP - Apple nas Lojas Americanas.com"
R$ 2.589,0010x de R$ 258,90 s/ juros;R$ 2.589,00 em atÃ© 12x de R$ 215,75 s/ juros com Ame e receba R$ 129,45 (5% de volta) R$ 2.330,10 em 1x no cartÃ£o Americanas.com (10% de desconto) ou R$ 2.589,00 em atÃ© 12x de R$ 215,75 s/ jurosformas de parcelamento;Usado: Iphone 7 Plus 128gb Preto Matte nas Lojas Americanas.com
R$ 6.200,0010x de R$ 620,00 s/ juros;R$ 6.200,00 em atÃ© 12x de R$ 516,66 s/ juros com Ame e receba R$ 310,00 (5% de volta) R$ 5.580,00 em 1x no cartÃ£o Americanas.com (10% de desconto) ou R$ 6.200,00 em atÃ© 12x de R$ 516,66 s/ jurosformas de parcelamento;"iPhone X Cinza Espacial 64GB Tela 5.8"" IOS 11 4G Wi-Fi CÃ¢mera 12MP - Apple nas Lojas Americanas.com"
R$ 4.499,00 (7% de desconto)R$ 4.169,0010x de R$ 416,90 s/ juros;R$ 4.169,00 em atÃ© 12x de R$ 347,41 s/ juros com Ame e receba R$ 208,45 (5% de volta) R$ 3.752,10 em 1x no cartÃ£o Americanas.com (10% de desconto) ou R$ 4.169,00 em atÃ© 12x de R$ 347,41 s/ jurosformas de parcelamento;Usado: Iphone X Apple 256gb Cinza nas Lojas Americanas.com
R$ 4.999,9010x de R$ 499,99 s/ juros;R$ 4.999,90 em atÃ© 12x de R$ 416,65 s/ juros com Ame e receba R$ 250,00 (5% de volta) R$ 4.499,91 em 1x no cartÃ£o Americanas.com (10% de desconto) ou R$ 4.999,90 em atÃ© 12x de R$ 416,65 s/ jurosformas de parcelamento;"iPhone X Prata 64GB Tela 5.8"" IOS 11 4G Wi-Fi CÃ¢mera 12MP - Apple nas Lojas Americanas.com"
R$ 2.776,76Selo PrimeEsta Ã© uma oferta prime10x de R$ 277,67 s/ juros;R$ 2.776,76 em atÃ© 12x de R$ 231,39 s/ juros com Ame e receba R$ 138,84 (5% de volta) R$ 2.499,08 em 1x no cartÃ£o de crÃ©dito (10% de desconto)R$ 2.499,08 no cartÃ£o Americanas.com em atÃ© 12x de R$ 208,25 s/ juros (10% de desconto)formas de parcelamento;iPhone 7 32GB Dourado Desbloqueado IOS 10 Wi-fi + 4G CÃ¢mera 12MP - Apple nas Lojas Americanas.com
R$ 3.665,56Selo PrimeEsta Ã© uma oferta prime10x de R$ 366,55 s/ juros;R$ 3.665,56 em atÃ© 12x de R$ 305,46 s/ juros com Ame e receba R$ 183,28 (5% de volta) R$ 3.299,00 em 1x no cartÃ£o de crÃ©dito (10% de desconto)R$ 3.299,00 no cartÃ£o Americanas.com em atÃ© 12x de R$ 274,91 s/ juros (10% de desconto)formas de parcelamento;"iPhone 7 Plus 128GB Ouro Rosa Tela Retina HD 5,5"" 3D Touch CÃ¢mera Dupla de 12MP - Apple nas Lojas Americanas.com"
R$ 2.699,0010x de R$ 269,90 s/ juros;R$ 2.699,00 em atÃ© 12x de R$ 224,91 s/ juros com Ame e receba R$ 404,85 (15% de volta) R$ 2.429,10 em 1x no cartÃ£o Americanas.com (10% de desconto) ou R$ 2.699,00 em atÃ© 12x de R$ 224,91 s/ jurosformas de parcelamento;Usado:iphone 7 Plus Apple 128gb Preto Matte nas Lojas Americanas.com
R$ 940,00Selo PrimeEsta Ã© uma oferta prime10x de R$ 94,00 s/ juros;R$ 940,00 em atÃ© 12x de R$ 78,33 s/ juros com Ame e receba R$ 141,00 (15% de volta) R$ 846,00 em 1x no cartÃ£o de crÃ©dito (10% de desconto)R$ 799,00 no cartÃ£o Americanas.com em atÃ© 12x de R$ 66,58 s/ juros (15% de desconto)formas de parcelamento;"Smartphone Motorola Moto G7 Play 32GB Dual Chip Android Pie - 9.0 Tela 5.7"" 1.8 GHz Octa-Core 4G CÃ¢mera 13MP - Indigo nas Lojas Americanas.com"
R$ 1.199,00Selo PrimeEsta Ã© uma oferta prime10x de R$ 119,90 s/ juros;R$ 1.199,00 em atÃ© 12x de R$ 99,91 s/ juros com Ame e receba R$ 59,95 (5% de volta) R$ 1.079,10 em 1x no cartÃ£o de crÃ©dito (10% de desconto)R$ 1.079,10 no cartÃ£o Americanas.com em atÃ© 12x de R$ 89,92 s/ juros (10% de desconto)formas de parcelamento;"Smartphone Motorola Moto G7 Power 32GB Dual Chip Android Pie - 9.0 Tela 6.2"" 1.8 GHz Octa-Core 4G CÃ¢mera 12MP - Azul Navy nas Lojas Americanas.com"
R$ 1.599,0010x de R$ 159,90 s/ juros;R$ 1.599,00 em atÃ© 12x de R$ 133,25 s/ juros com Ame e receba R$ 79,95 (5% de volta) R$ 1.439,10 em 1x no cartÃ£o Americanas.com (10% de desconto) ou R$ 1.599,00 em atÃ© 12x de R$ 133,25 s/ jurosformas de parcelamento;"Smartphone Motorola Moto G7 Plus 64GB Dual Chip Android Pie - 9.0 Tela 6.3"" 1.8 GHz Octa-Core 4G CÃ¢mera 16MP F1.7 + 5MP F1.9 (Dual Cam) - Indigo nas Lojas Americanas.com"
R$ 1.843,33Selo PrimeEsta Ã© uma oferta prime10x de R$ 184,33 s/ juros;R$ 1.843,33 em atÃ© 12x de R$ 153,61 s/ juros com Ame e receba R$ 92,17 (5% de volta) R$ 1.658,99 em 1x no cartÃ£o de crÃ©dito (10% de desconto)R$ 1.658,99 no cartÃ£o Americanas.com em atÃ© 12x de R$ 138,24 s/ juros (10% de desconto)formas de parcelamento;"Smartphone Motorola Moto G7 Plus 64GB Dual Chip Android Pie - 9.0 Tela 6.3"" 1.8 GHz Octa-Core 4G CÃ¢mera 16MP F1.7 + 5MP F1.9 (Dual Cam) - Rubi nas Lojas Americanas.com"
R$ 887,78Selo PrimeEsta Ã© uma oferta prime10x de R$ 88,77 s/ juros;R$ 887,78 em atÃ© 12x de R$ 73,98 s/ juros com Ame e receba R$ 133,17 (15% de volta) R$ 799,00 em 1x no cartÃ£o de crÃ©dito (10% de desconto)R$ 754,61 no cartÃ£o Americanas.com em atÃ© 12x de R$ 62,88 s/ juros (15% de desconto)formas de parcelamento;"Smartphone Motorola Moto G6 Play Dual Chip Android Oreo - 8.0 Tela 5.7"" Octa-Core 1.4 GHz 32GB 4G CÃ¢mera 13MP - Ãçndigo nas Lojas Americanas.com"
R$ 887,78 (10% de desconto)R$ 799,00Selo PrimeEsta Ã© uma oferta primeem 1x no cartÃ£o;R$ 887,78 em atÃ© 12x de R$ 73,98 s/ juros com Ame e receba R$ 133,17 (15% de volta) R$ 887,78 no boleto bancÃ¡rioR$ 887,78 no cartÃ£o de crÃ©dito em atÃ© 10x de R$ 88,77 s/ jurosR$ 754,61 no cartÃ£o Americanas.com em atÃ© 12x de R$ 62,88 s/ juros (15% de desconto)formas de parcelamento;"Smartphone Motorola Moto G6 Play Dual Chip Android Oreo - 8.0 Tela 5.7"" Octa-Core 1.4 GHz 32GB 4G CÃ¢mera 13MP - Ouro nas Lojas Americanas.com"
R$ 1.199,00Selo PrimeEsta Ã© uma oferta prime10x de R$ 119,90 s/ juros;R$ 1.199,00 em atÃ© 12x de R$ 99,91 s/ juros com Ame e receba R$ 59,95 (5% de volta) R$ 1.079,10 em 1x no cartÃ£o de crÃ©dito (10% de desconto)R$ 1.019,15 no cartÃ£o Americanas.com em atÃ© 12x de R$ 84,92 s/ juros (15% de desconto)formas de parcelamento;"Smartphone Motorola Moto G6 Dual Chip Android Oreo - 8.0 Tela 5.7"" Octa-Core 1.8 GHz 64GB 4G CÃ¢mera 12 + 5MP (Dual Traseira) - Ouro Rose nas Lojas Americanas.com"
R$ 1.148,00Selo PrimeEsta Ã© uma oferta prime10x de R$ 114,80 s/ juros;R$ 1.148,00 em atÃ© 12x de R$ 95,66 s/ juros com Ame e receba R$ 172,20 (15% de volta) R$ 1.033,20 em 1x no cartÃ£o Americanas.com (10% de desconto) ou R$ 1.148,00 em atÃ© 12x de R$ 95,66 s/ jurosformas de parcelamento;"Smartphone Motorola Moto G6 64GB Dual Chip Android Oreo - 8.0 Tela 5.7"" Octa-Core 1.8 GHz 4G CÃ¢mera 12 + 5MP (Dual Traseira) - Preto nas Lojas Americanas.com"
R$ 1.479,90 (5% de desconto)R$ 1.405,90no boleto ou em 1x no cartÃ£o;R$ 1.479,90 em atÃ© 12x de R$ 123,32 s/ juros com Ame e receba R$ 221,99 (15% de volta) R$ 1.479,90 no cartÃ£o de crÃ©dito em atÃ© 10x de R$ 147,99 s/ jurosR$ 1.331,91 em 1x no cartÃ£o Americanas.com (10% de desconto) ou R$ 1.479,90 em atÃ© 12x de R$ 123,32 s/ jurosformas de parcelamento;"Smartphone Motorola Moto G6 Plus 64GB Dual Chip Android Oreo - 8.0 Tela 5.9"" Octa-Core 2.2 GHz 4G CÃ¢mera 12 + 5MP (Dual Traseira) - Azul TopÃ¡zio nas Lojas Americanas.com"
R$ 1.499,00 (10% de desconto)R$ 1.349,10Selo PrimeEsta Ã© uma oferta primeem 1x no cartÃ£o;R$ 1.499,00 em atÃ© 12x de R$ 124,91 s/ juros com Ame e receba R$ 224,85 (15% de volta) R$ 1.499,00 no boleto bancÃ¡rioR$ 1.499,00 no cartÃ£o de crÃ©dito em atÃ© 10x de R$ 149,90 s/ jurosR$ 1.274,15 no cartÃ£o Americanas.com em atÃ© 12x de R$ 106,17 s/ juros (15% de desconto)formas de parcelamento;"Smartphone Motorola Moto G6 Plus Dual Chip Android Oreo - 8.0 Tela 5.9"" Octa-Core 2.2 GHz 64GB 4G CÃ¢mera 12 + 5MP (Dual Traseira) - Ãçndigo nas Lojas Americanas.com"
R$ 940,00Selo PrimeEsta Ã© uma oferta prime10x de R$ 94,00 s/ juros;R$ 940,00 em atÃ© 12x de R$ 78,33 s/ juros com Ame e receba R$ 141,00 (15% de volta) R$ 846,00 em 1x no cartÃ£o de crÃ©dito (10% de desconto)R$ 799,00 no cartÃ£o Americanas.com em atÃ© 12x de R$ 66,58 s/ juros (15% de desconto)formas de parcelamento;"Smartphone Motorola Moto G7 Play 32GB Dual Chip Android Pie - 9.0 Tela 5.7"" 1.8 GHz Octa-Core 4G CÃ¢mera 13MP - Ouro nas Lojas Americanas.com"
R$ 1.499,0010x de R$ 149,90 s/ juros;R$ 1.499,00 em atÃ© 12x de R$ 124,91 s/ juros com Ame e receba R$ 224,85 (15% de volta) R$ 1.499,00 no cartÃ£o Americanas.com em atÃ© 12x de R$ 124,91 s/ jurosformas de parcelamento;"Smartphone Motorola One 64GB Dual Chip Android Oreo 8.1 Tela 5.9"" 2.0 GHz Octa-Core Qualcomm 4G CÃ¢mera 13 + 2MP (Dual Traseira) - Branco nas Lojas Americanas.com"
R$ 3.409,00 (4% de desconto)R$ 3.259,0010x de R$ 325,90 s/ juros;R$ 3.259,00 em atÃ© 12x de R$ 271,58 s/ juros com Ame e receba R$ 162,95 (5% de volta) R$ 2.933,10 em 1x no cartÃ£o Americanas.com (10% de desconto) ou R$ 3.259,00 em atÃ© 12x de R$ 271,58 s/ jurosformas de parcelamento;Iphone 8 Apple 256gb Dourado Seminovo nas Lojas Americanas.com
R$ 1.099,00 (10% de desconto)R$ 989,10Selo PrimeEsta Ã© uma oferta primeem 1x no cartÃ£o;R$ 1.099,00 em atÃ© 12x de R$ 91,58 s/ juros com Ame e receba R$ 164,85 (15% de volta) R$ 1.099,00 no boleto bancÃ¡rioR$ 1.099,00 no cartÃ£o de crÃ©dito em atÃ© 10x de R$ 109,90 s/ jurosR$ 934,15 no cartÃ£o Americanas.com em atÃ© 12x de R$ 77,84 s/ juros (15% de desconto)formas de parcelamento;"Smartphone Motorola Moto G6 32GB Dual Chip Android Oreo - 8.0 Tela 5.7"" Octa-Core 1.8 GHz 4G CÃ¢mera 12 + 5MP (Dual Traseira) - Ãçndigo nas Lojas Americanas.com"
R$ 1.299,00 (10% de desconto)R$ 1.169,10Selo PrimeEsta Ã© uma oferta primeem 1x no cartÃ£o;R$ 1.299,00 em atÃ© 12x de R$ 108,25 s/ juros com Ame e receba R$ 64,95 (5% de volta) R$ 1.299,00 no boleto bancÃ¡rioR$ 1.299,00 no cartÃ£o de crÃ©dito em atÃ© 10x de R$ 129,90 s/ jurosR$ 1.169,10 no cartÃ£o Americanas.com em atÃ© 12x de R$ 97,42 s/ juros (10% de desconto)formas de parcelamento;"Smartphone Motorola One 64GB Dual Chip Android Oreo 8.1 Tela 5.9"" 2.0 GHz Octa-Core Qualcomm 4G CÃ¢mera 13 + 2MP (Dual Traseira) - Preto nas Lojas Americanas.com"
R$ 889,89Selo PrimeEsta Ã© uma oferta prime10x de R$ 88,98 s/ juros;R$ 889,89 em atÃ© 12x de R$ 74,15 s/ juros com Ame e receba R$ 133,49 (15% de volta) R$ 749,00 no cartÃ£o Americanas.com em atÃ© 12x de R$ 62,41 s/ juros (15% de desconto)formas de parcelamento;"Smartphone Samsung Galaxy J6 32GB Dual Chip Android 8.0 Tela 5.6"" Octa-Core 1.6GHz 4G CÃ¢mera 13MP com TV - Preto nas Lojas Americanas.com"
R$ 899,9010x de R$ 89,99 s/ juros;R$ 899,90 em atÃ© 12x de R$ 74,99 s/ juros com Ame e receba R$ 45,00 (5% de volta) R$ 809,91 em 1x no cartÃ£o Americanas.com (10% de desconto) ou R$ 899,90 em atÃ© 12x de R$ 74,99 s/ jurosformas de parcelamento;"Smartphone Samsung Galaxy J6 32GB Dual Chip Android 8.0 Tela 5.6"" Octa-Core 1.6GHz 4G CÃ¢mera 13MP com TV - Prata nas Lojas Americanas.com"
R$ 999,0010x de R$ 99,90 s/ juros;R$ 999,00 em atÃ© 12x de R$ 83,25 s/ juros com Ame e receba R$ 49,95 (5% de volta) R$ 899,10 em 1x no cartÃ£o Americanas.com (10% de desconto) ou R$ 999,00 em atÃ© 12x de R$ 83,25 s/ jurosformas de parcelamento;"Smartphone Samsung Galaxy J6 32GB Dual Chip Android 8.0 Tela 5.6"" Octa-Core 1.6GHz 4G CÃ¢mera 13MP - Violeta nas Lojas Americanas.com"
R$ 999,00Selo PrimeEsta Ã© uma oferta prime10x de R$ 99,90 s/ juros;R$ 999,00 em atÃ© 12x de R$ 83,25 s/ juros com Ame e receba R$ 149,85 (15% de volta) R$ 749,00 no cartÃ£o Americanas.com em atÃ© 12x de R$ 62,41 s/ juros (25% de desconto)formas de parcelamento;"Smartphone Samsung Galaxy J6 64GB Dual Chip Android 8.0 Tela 5.6"" Octa-Core 1.6GHz 4G CÃ¢mera 13MP - Violeta nas Lojas Americanas.com"
R$ 8.799,00 (10% de desconto)R$ 7.919,10no boleto ou em 1x no cartÃ£o;R$ 8.799,00 em atÃ© 12x de R$ 733,25 s/ juros com Ame e receba R$ 439,95 (5% de volta) R$ 8.799,00 no cartÃ£o de crÃ©dito em atÃ© 10x de R$ 879,90 s/ jurosR$ 7.919,10 em 1x no cartÃ£o Americanas.com (10% de desconto) ou R$ 8.799,00 em atÃ© 12x de R$ 733,25 s/ jurosformas de parcelamento;iPhone Xs Max Ouro 256GB IOS12 4G + Wi-fi CÃ¢mera 12MP - Apple nas Lojas Americanas.com
R$ 8.599,00Selo PrimeEsta Ã© uma oferta prime10x de R$ 859,90 s/ juros;R$ 8.599,00 em atÃ© 12x de R$ 716,58 s/ juros com Ame e receba R$ 429,95 (5% de volta) R$ 7.739,10 em 1x no cartÃ£o de crÃ©dito (10% de desconto)R$ 7.739,10 no cartÃ£o Americanas.com em atÃ© 12x de R$ 644,92 s/ juros (10% de desconto)formas de parcelamento;iPhone Xs Max Ouro 512GB IOS12 4G + Wi-fi CÃ¢mera 12MP - Apple nas Lojas Americanas.com
R$ 6.999,00Selo PrimeEsta Ã© uma oferta prime10x de R$ 699,90 s/ juros;R$ 6.999,00 em atÃ© 12x de R$ 583,25 s/ juros com Ame e receba R$ 349,95 (5% de volta) R$ 6.299,10 em 1x no cartÃ£o de crÃ©dito (10% de desconto)R$ 6.299,10 no cartÃ£o Americanas.com em atÃ© 12x de R$ 524,92 s/ juros (10% de desconto)formas de parcelamento;iPhone Xs Max 64GB Ouro IOS12 4G + Wi-fi CÃ¢mera 12MP - Apple nas Lojas Americanas.com
R$ 1.399,00 (10% de desconto)R$ 1.259,10em 1x no cartÃ£o;R$ 1.399,00 em atÃ© 12x de R$ 116,58 s/ juros com Ame e receba R$ 69,95 (5% de volta) R$ 1.399,00 no boleto bancÃ¡rioR$ 1.399,00 no cartÃ£o de crÃ©dito em atÃ© 10x de R$ 139,90 s/ jurosR$ 1.259,10 no cartÃ£o Americanas.com em atÃ© 12x de R$ 104,92 s/ juros (10% de desconto)formas de parcelamento;"Smartphone Motorola Moto G7 64GB Dual Chip Android Pie - 9.0 Tela 6.24"" 1.8 GHz Octa-Core 4G CÃ¢mera 12 + 5MP (Dual Traseira) - Ã”nix nas Lojas Americanas.com"
R$ 1.443,33 (10% de desconto)R$ 1.298,99Selo PrimeEsta Ã© uma oferta primeem 1x no cartÃ£o;R$ 1.443,33 em atÃ© 12x de R$ 120,27 s/ juros com Ame e receba R$ 72,17 (5% de volta) R$ 1.443,33 no boleto bancÃ¡rioR$ 1.443,33 no cartÃ£o de crÃ©dito em atÃ© 10x de R$ 144,33 s/ jurosR$ 1.298,99 no cartÃ£o Americanas.com em atÃ© 12x de R$ 108,24 s/ juros (10% de desconto)formas de parcelamento;"Smartphone Motorola Moto G7 64GB Dual Chip Android Pie - 9.0 Tela 6.24"" 1.8 GHz Octa-Core 4G CÃ¢mera 12 + 5MP (Dual Traseira)- Branco Polar nas Lojas Americanas.com"
R$ 3.599,00Selo PrimeEsta Ã© uma oferta prime10x de R$ 359,90 s/ juros;R$ 3.599,00 em atÃ© 12x de R$ 299,91 s/ juros com Ame e receba R$ 179,95 (5% de volta) R$ 3.239,10 em 1x no cartÃ£o de crÃ©dito (10% de desconto)R$ 3.239,10 no cartÃ£o Americanas.com em atÃ© 12x de R$ 269,92 s/ juros (10% de desconto)formas de parcelamento;"iPhone 7 Plus 128GB dourado Tela Retina HD 5,5"" 3D Touch CÃ¢mera Dupla de 12MP - Apple nas Lojas Americanas.com"
R$ 3.199,00 (10% de desconto)R$ 2.879,10Selo PrimeEsta Ã© uma oferta primeem 1x no cartÃ£o;R$ 3.199,00 em atÃ© 12x de R$ 266,58 s/ juros com Ame e receba R$ 159,95 (5% de volta) R$ 3.199,00 no boleto bancÃ¡rioR$ 3.199,00 no cartÃ£o de crÃ©dito em atÃ© 10x de R$ 319,90 s/ jurosR$ 2.879,10 no cartÃ£o Americanas.com em atÃ© 12x de R$ 239,92 s/ juros (10% de desconto)formas de parcelamento;iPhone 7 128GB Preto Matte Desbloqueado IOS 10 Wi-fi + 4G CÃ¢mera 12MP - Apple nas Lojas Americanas.com
R$ 3.999,0010x de R$ 399,90 s/ juros;R$ 3.999,00 em atÃ© 12x de R$ 333,25 s/ juros com Ame e receba R$ 199,95 (5% de volta) R$ 3.599,10 em 1x no cartÃ£o de crÃ©dito (10% de desconto)R$ 3.599,10 no cartÃ£o Americanas.com em atÃ© 12x de R$ 299,92 s/ juros (10% de desconto)formas de parcelamento;"Iphone 8 Plus 64GB Ouro  Tela 5.5"" iOS 12 4G CÃ¢mera 12MP - Apple nas Lojas Americanas.com"
R$ 3.899,0010x de R$ 389,90 s/ juros;R$ 3.899,00 em atÃ© 12x de R$ 324,91 s/ juros com Ame e receba R$ 194,95 (5% de volta) R$ 3.509,10 em 1x no cartÃ£o de crÃ©dito (10% de desconto)R$ 3.509,10 no cartÃ£o Americanas.com em atÃ© 12x de R$ 292,42 s/ juros (10% de desconto)formas de parcelamento;"iPhone 8 Plus 64GB Cinza Tela 5.5"" iOS 12 4G CÃ¢mera 12MP - Apple nas Lojas Americanas.com"
R$ 3.899,00 (10% de desconto)R$ 3.509,10em 1x no cartÃ£o;R$ 3.899,00 em atÃ© 12x de R$ 324,91 s/ juros com Ame e receba R$ 194,95 (5% de volta) R$ 3.899,00 no boleto bancÃ¡rioR$ 3.899,00 no cartÃ£o de crÃ©dito em atÃ© 10x de R$ 389,90 s/ jurosR$ 3.509,10 no cartÃ£o Americanas.com em atÃ© 12x de R$ 292,42 s/ juros (10% de desconto)formas de parcelamento;iPhone 8 Plus 64gb Silver Tela 5.5â€ù iOS 12 4G CÃ¢mera 12 MP - Apple nas Lojas Americanas.com
R$ 3.199,00Selo PrimeEsta Ã© uma oferta prime10x de R$ 319,90 s/ juros;R$ 3.199,00 em atÃ© 12x de R$ 266,58 s/ juros com Ame e receba R$ 159,95 (5% de volta) R$ 2.879,10 no cartÃ£o Americanas.com em atÃ© 12x de R$ 239,92 s/ juros (10% de desconto)formas de parcelamento;iPhone 7 128GB Ouro Rosa Desbloqueado IOS 10 Wi-fi + 4G CÃ¢mera 12MP - Apple nas Lojas Americanas.com
R$ 4.399,00 (10% de desconto)R$ 3.959,10Selo PrimeEsta Ã© uma oferta primeem 1x no cartÃ£o;R$ 4.399,00 em atÃ© 12x de R$ 366,58 s/ juros com Ame e receba R$ 219,95 (5% de volta) R$ 4.399,00 no boleto bancÃ¡rioR$ 4.399,00 no cartÃ£o de crÃ©dito em atÃ© 10x de R$ 439,90 s/ jurosR$ 3.959,10 no cartÃ£o Americanas.com em atÃ© 12x de R$ 329,92 s/ juros (10% de desconto)formas de parcelamento;iPhone Xr 64GB Preto IOS12 4G + Wi-fi CÃ¢mera 12MP - Apple nas Lojas Americanas.com
R$ 4.399,00Selo PrimeEsta Ã© uma oferta prime10x de R$ 439,90 s/ juros;R$ 4.399,00 em atÃ© 12x de R$ 366,58 s/ juros com Ame e receba R$ 219,95 (5% de volta) R$ 3.959,10 em 1x no cartÃ£o de crÃ©dito (10% de desconto)R$ 3.959,10 no cartÃ£o Americanas.com em atÃ© 12x de R$ 329,92 s/ juros (10% de desconto)formas de parcelamento;iPhone Xr 64GB Azul IOS12 4G + Wi-fi CÃ¢mera 12MP - Apple nas Lojas Americanas.com
R$ 4.399,99 (10% de desconto)R$ 3.959,99Selo PrimeEsta Ã© uma oferta primeem 1x no cartÃ£o;R$ 4.399,99 em atÃ© 12x de R$ 366,66 s/ juros com Ame e receba R$ 220,00 (5% de volta) R$ 4.399,99 no boleto bancÃ¡rioR$ 4.399,99 no cartÃ£o de crÃ©dito em atÃ© 10x de R$ 439,99 s/ jurosR$ 3.959,99 no cartÃ£o Americanas.com em atÃ© 12x de R$ 329,99 s/ juros (10% de desconto)formas de parcelamento;iPhone Xr 64GB Coral IOS12 4G + Wi-fi CÃ¢mera 12MP - Apple nas Lojas Americanas.com
R$ 8.799,0010x de R$ 879,90 s/ juros;R$ 8.799,00 em atÃ© 12x de R$ 733,25 s/ juros com Ame e receba R$ 439,95 (5% de volta) R$ 7.919,10 no boleto bancÃ¡rio (10% de desconto)R$ 7.919,10 em 1x no cartÃ£o de crÃ©dito (10% de desconto)R$ 7.919,10 em 1x no cartÃ£o Americanas.com (10% de desconto) ou R$ 8.799,00 em atÃ© 12x de R$ 733,25 s/ jurosformas de parcelamento;iPhone Xs Max Prata 256GB IOS12 4G + Wi-fi CÃ¢mera 12MP - Apple nas Lojas Americanas.com
R$ 7.599,00Selo PrimeEsta Ã© uma oferta prime10x de R$ 759,90 s/ juros;R$ 7.599,00 em atÃ© 12x de R$ 633,25 s/ juros com Ame e receba R$ 379,95 (5% de volta) R$ 6.839,10 em 1x no cartÃ£o de crÃ©dito (10% de desconto)R$ 6.839,10 no cartÃ£o Americanas.com em atÃ© 12x de R$ 569,92 s/ juros (10% de desconto)formas de parcelamento;iPhone Xs Max Cinza Espacial 256GB IOS12 4G + Wi-fi CÃ¢mera 12MP - Apple nas Lojas Americanas.com
R$ 6.999,00Selo PrimeEsta Ã© uma oferta prime10x de R$ 699,90 s/ juros;R$ 6.999,00 em atÃ© 12x de R$ 583,25 s/ juros com Ame e receba R$ 349,95 (5% de volta) R$ 6.299,10 em 1x no cartÃ£o de crÃ©dito (10% de desconto)R$ 6.299,10 no cartÃ£o Americanas.com em atÃ© 12x de R$ 524,92 s/ juros (10% de desconto)formas de parcelamento;iPhone Xs Max 64GB Cinza  Espacial IOS12 4G + Wi-fi CÃ¢mera 12MP - Apple nas Lojas Americanas.com
R$ 6.299,00Selo PrimeEsta Ã© uma oferta prime10x de R$ 629,90 s/ juros;R$ 6.299,00 em atÃ© 12x de R$ 524,91 s/ juros com Ame e receba R$ 314,95 (5% de volta) R$ 5.669,10 no cartÃ£o Americanas.com em atÃ© 12x de R$ 472,42 s/ juros (10% de desconto)formas de parcelamento;iPhone Xs 64GB Ouro IOS12 4G + Wi-fi CÃ¢mera 12MP - Apple nas Lojas Americanas.com
R$ 1.699,0010x de R$ 169,90 s/ juros;R$ 1.699,00 em atÃ© 12x de R$ 141,58 s/ juros com Ame e receba R$ 84,95 (5% de volta) R$ 1.529,10 em 1x no cartÃ£o Americanas.com (10% de desconto) ou R$ 1.699,00 em atÃ© 12x de R$ 141,58 s/ jurosformas de parcelamento;Usado: Iphone 6 Apple 128gb Dourado nas Lojas Americanas.com
R$ 2.748,99 (10% de desconto)R$ 2.474,09Selo PrimeEsta Ã© uma oferta primeem 1x no cartÃ£o;R$ 2.748,99 em atÃ© 12x de R$ 229,08 s/ juros com Ame e receba R$ 137,45 (5% de volta) R$ 2.748,99 no boleto bancÃ¡rioR$ 2.748,99 no cartÃ£o de crÃ©dito em atÃ© 10x de R$ 274,89 s/ jurosR$ 2.474,09 no cartÃ£o Americanas.com em atÃ© 12x de R$ 206,17 s/ juros (10% de desconto)formas de parcelamento;iPhone 7 32GB Prateado Desbloqueado IOS 10 Wi-fi + 4G CÃ¢mera 12MP - Apple nas Lojas Americanas.com
R$ 4.999,00 (20% de desconto)R$ 3.999,20Selo PrimeEsta Ã© uma oferta primeem 1x no cartÃ£o;R$ 4.999,00 em atÃ© 12x de R$ 416,58 s/ juros com Ame e receba R$ 249,95 (5% de volta) R$ 4.999,00 no boleto bancÃ¡rioR$ 4.999,00 no cartÃ£o de crÃ©dito em atÃ© 10x de R$ 499,90 s/ jurosR$ 3.999,20 em 1x no cartÃ£o Americanas.com (20% de desconto) ou R$ 4.999,00 em atÃ© 12x de R$ 416,58 s/ jurosformas de parcelamento;Smartphone Samsung Galaxy S10 128GB Dual Chip Android Tela 6.1â€ù Octa-Core 4G CÃ¢mera Tripla Traseira 12MP + 12MP + 16MP - Branco nas Lojas Americanas.com
R$ 5.499,00Selo PrimeEsta Ã© uma oferta prime10x de R$ 549,90 s/ juros;R$ 5.499,00 em atÃ© 12x de R$ 458,25 s/ juros com Ame e receba R$ 274,95 (5% de volta) R$ 4.399,20 em 1x no cartÃ£o de crÃ©dito (20% de desconto)R$ 4.399,20 em 1x no cartÃ£o Americanas.com (20% de desconto) ou R$ 5.499,00 em atÃ© 12x de R$ 458,25 s/ jurosformas de parcelamento;Smartphone Samsung Galaxy S10+ 128GB Dual Chip Android 9.0 Tela 6.4â€ù Octa-Core 4G CÃ¢mera Tripla Traseira 12MP + 12MP + 16MP - Branco nas Lojas Americanas.com
R$ 5.499,00 (20% de desconto)R$ 4.399,20Selo PrimeEsta Ã© uma oferta primeem 1x no cartÃ£o;R$ 5.499,00 em atÃ© 12x de R$ 458,25 s/ juros com Ame e receba R$ 274,95 (5% de volta) R$ 5.499,00 no boleto bancÃ¡rioR$ 5.499,00 no cartÃ£o de crÃ©dito em atÃ© 10x de R$ 549,90 s/ jurosR$ 4.399,20 em 1x no cartÃ£o Americanas.com (20% de desconto) ou R$ 5.499,00 em atÃ© 12x de R$ 458,25 s/ jurosformas de parcelamento;Smartphone Samsung Galaxy S10+ 128GB Dual Chip Android 9.0 Tela 6.4â€ù Octa-Core 4G CÃ¢mera Tripla Traseira 12MP + 12MP + 16MP - Preto nas Lojas Americanas.com
R$ 2.699,00Selo PrimeEsta Ã© uma oferta prime10x de R$ 269,90 s/ juros;R$ 2.699,00 em atÃ© 12x de R$ 224,91 s/ juros com Ame e receba R$ 134,95 (5% de volta) R$ 2.294,15 em 1x no cartÃ£o de crÃ©dito (15% de desconto)R$ 2.699,00 no cartÃ£o Americanas.com em atÃ© 12x de R$ 224,91 s/ jurosformas de parcelamento;"Smartphone Samsung Galaxy S9 Dual Chip Android 8.0 Tela 5.8"" Octa-Core 2.8GHz 128GB 4G CÃ¢mera 12MP - Preto nas Lojas Americanas.com"
R$ 3.099,00Selo PrimeEsta Ã© uma oferta prime10x de R$ 309,90 s/ juros;R$ 3.099,00 em atÃ© 12x de R$ 258,25 s/ juros com Ame e receba R$ 154,95 (5% de volta) R$ 3.099,00 no cartÃ£o Americanas.com em atÃ© 12x de R$ 258,25 s/ jurosformas de parcelamento;"Smartphone Samsung Galaxy S9+ Dual Chip Android 8.0 Tela 6.2"" Octa-Core 2.8GHz 128GB 4G CÃ¢mera 12MP Dual Cam - Preto nas Lojas Americanas.com"
R$ 2.699,00 (15% de desconto)R$ 2.294,15Selo PrimeEsta Ã© uma oferta primeem 1x no cartÃ£o;R$ 2.699,00 em atÃ© 12x de R$ 224,91 s/ juros com Ame e receba R$ 134,95 (5% de volta) R$ 2.699,00 no boleto bancÃ¡rioR$ 2.699,00 no cartÃ£o de crÃ©dito em atÃ© 10x de R$ 269,90 s/ jurosR$ 2.699,00 no cartÃ£o Americanas.com em atÃ© 12x de R$ 224,91 s/ jurosformas de parcelamento;"Smartphone Samsung Galaxy S9 Dual Chip Android 8.0 Tela 5.8"" Octa-Core 2.8GHz 128GB 4G CÃ¢mera 12MP - Cinza nas Lojas Americanas.com"
R$ 3.199,00Selo PrimeEsta Ã© uma oferta prime10x de R$ 319,90 s/ juros;R$ 3.199,00 em atÃ© 12x de R$ 266,58 s/ juros com Ame e receba R$ 159,95 (5% de volta) R$ 3.199,00 no cartÃ£o Americanas.com em atÃ© 12x de R$ 266,58 s/ jurosformas de parcelamento;"Smartphone Samsung Galaxy S9+ Dual Chip Android 8.0 Tela 6.2"" Octa-Core 2.8GHz 128GB 4G CÃ¢mera 12MP Dual Cam - Cinza nas Lojas Americanas.com"
R$ 3.469,2810x de R$ 346,92 s/ juros;R$ 3.469,28 em atÃ© 12x de R$ 289,10 s/ juros com Ame e receba R$ 173,47 (5% de volta) R$ 3.469,28 no cartÃ£o Americanas.com em atÃ© 12x de R$ 289,10 s/ jurosformas de parcelamento;"Smartphone Samsung Galaxy S8+ Dual Chip Android 7.0 Tela 6.2"" Octa-Core 2.3 GHz 64GB CÃ¢mera 12MP - Prata nas Lojas Americanas.com"
R$ 3.949,9010x de R$ 394,99 s/ juros;R$ 3.949,90 em atÃ© 12x de R$ 329,15 s/ juros com Ame e receba R$ 197,50 (5% de volta) R$ 3.752,40 em 1x no cartÃ£o de crÃ©dito (5% de desconto)R$ 3.752,40 em 1x no cartÃ£o Americanas.com (5% de desconto) ou R$ 3.949,90 em atÃ© 12x de R$ 329,15 s/ jurosformas de parcelamento;"Smartphone Samsung Galaxy S8+ Dual Chip Android 7.0 Tela 6.2"" Octa-Core 2.3 GHz 64GB CÃ¢mera 12MP - Ametista nas Lojas Americanas.com"
R$ 2.776,67Selo PrimeEsta Ã© uma oferta prime10x de R$ 277,66 s/ juros;R$ 2.776,67 em atÃ© 12x de R$ 231,38 s/ juros com Ame e receba R$ 138,84 (5% de volta) R$ 2.360,16 em 1x no cartÃ£o de crÃ©dito (15% de desconto)R$ 2.776,67 no cartÃ£o Americanas.com em atÃ© 12x de R$ 231,38 s/ jurosformas de parcelamento;"Smartphone Samsung Galaxy S9 Dual Chip Android 8.0 Tela 5.8"" Octa-Core 2.8GHz 128GB 4G CÃ¢mera 12MP - Ultravioleta nas Lojas Americanas.com"
R$ 2.699,00Selo PrimeEsta Ã© uma oferta prime10x de R$ 269,90 s/ juros;R$ 2.699,00 em atÃ© 12x de R$ 224,91 s/ juros com Ame e receba R$ 134,95 (5% de volta) R$ 2.294,15 em 1x no cartÃ£o de crÃ©dito (15% de desconto)R$ 2.699,00 no cartÃ£o Americanas.com em atÃ© 12x de R$ 224,91 s/ jurosformas de parcelamento;"Smartphone Samsung Galaxy S9 Dual Chip Android 8.0 Tela 5.8"" Octa-Core 2.8GHz 128GB 4G CÃ¢mera 12MP - Azul nas Lojas Americanas.com"
R$ 2.199,00 (14% de desconto)R$ 1.879,0010x de R$ 187,90 s/ juros;R$ 1.879,00 em atÃ© 12x de R$ 156,58 s/ juros com Ame e receba R$ 93,95 (5% de volta) R$ 1.879,00 no cartÃ£o Americanas.com em atÃ© 12x de R$ 156,58 s/ jurosformas de parcelamento;Usado: Samsung Galaxy S9 G9600/ds 128gb Cinza TitÃ¢nio nas Lojas Americanas.com
R$ 3.099,00Selo PrimeEsta Ã© uma oferta prime10x de R$ 309,90 s/ juros;R$ 3.099,00 em atÃ© 12x de R$ 258,25 s/ juros com Ame e receba R$ 154,95 (5% de volta) R$ 3.099,00 no cartÃ£o Americanas.com em atÃ© 12x de R$ 258,25 s/ jurosformas de parcelamento;"Smartphone Samsung Galaxy S9+ Dual Chip Android 8.0 Tela 6.2"" Octa-Core 2.8GHz 128GB 4G CÃ¢mera 12MP Dual Cam - Ultravioleta nas Lojas Americanas.com"
R$ 1.399,0010x de R$ 139,90 s/ juros;R$ 1.399,00 em atÃ© 12x de R$ 116,58 s/ juros com Ame e receba R$ 69,95 (5% de volta) R$ 1.399,00 no cartÃ£o Americanas.com em atÃ© 12x de R$ 116,58 s/ jurosformas de parcelamento;"Smartphone Samsung Galaxy J8 64GB Dual Chip Android 8.0 Tela 6"" Octa-Core 1.8GHz  4G CÃ¢mera 16MP F1.7 + 5MP F1.9 (Dual Cam) - Preto nas Lojas Americanas.com"
R$ 1.278,8810x de R$ 127,88 s/ juros;R$ 1.278,88 em atÃ© 12x de R$ 106,57 s/ juros com Ame e receba R$ 63,95 (5% de volta) R$ 1.278,88 no cartÃ£o Americanas.com em atÃ© 12x de R$ 106,57 s/ jurosformas de parcelamento;"Smartphone Samsung Galaxy J8 64GB Dual Chip Android 8.0 Tela 6"" Octa-Core 1.8GHz 4G CÃ¢mera 16MP F1.7 + 5MP F1.9 (Dual Cam) - Prata nas Lojas Americanas.com"
R$ 1.299,99Selo PrimeEsta Ã© uma oferta prime10x de R$ 129,99 s/ juros;R$ 1.299,99 em atÃ© 12x de R$ 108,33 s/ juros com Ame e receba R$ 65,00 (5% de volta) R$ 1.299,99 no cartÃ£o Americanas.com em atÃ© 12x de R$ 108,33 s/ jurosformas de parcelamento;"Smartphone Samsung Galaxy J8 64GB Dual Chip Android 8.0 Tela 6"" Octa-Core 1.8GHz 4G CÃ¢mera 16MP F1.7 + 5MP F1.9 (Dual Cam) - Violeta nas Lojas Americanas.com"
R$ 949,00Selo PrimeEsta Ã© uma oferta prime9x de R$ 105,44 s/ juros;R$ 949,00 em atÃ© 12x de R$ 79,08 s/ juros com Ame e receba R$ 47,45 (5% de volta) R$ 949,00 no cartÃ£o Americanas.com em atÃ© 12x de R$ 79,08 s/ jurosformas de parcelamento;"Smartphone Samsung Galaxy J6 32GB Dual Chip Android 8.0 Tela 5.6"" Octa-Core 1.6GHz 4G CÃ¢mera 13MP com TV - Prata nas Lojas Americanas.com"
R$ 799,00Selo PrimeEsta Ã© uma oferta prime8x de R$ 99,87 s/ juros;R$ 799,00 em atÃ© 12x de R$ 66,58 s/ juros com Ame e receba R$ 39,95 (5% de volta) R$ 799,00 no cartÃ£o Americanas.com em atÃ© 12x de R$ 66,58 s/ jurosformas de parcelamento;"Smartphone Samsung Galaxy J6 32GB Dual Chip Android 8.0 Tela 5.6"" Octa-Core 1.6GHz 4G CÃ¢mera 13MP com TV - Preto nas Lojas Americanas.com"
R$ 999,0010x de R$ 99,90 s/ juros;R$ 999,00 em atÃ© 12x de R$ 83,25 s/ juros com Ame e receba R$ 49,95 (5% de volta) R$ 999,00 no cartÃ£o Americanas.com em atÃ© 12x de R$ 83,25 s/ jurosformas de parcelamento;"Smartphone Samsung Galaxy J6 32GB Dual Chip Android 8.0 Tela 5.6"" Octa-Core 1.6GHz 4G CÃ¢mera 13MP - Violeta nas Lojas Americanas.com"
R$ 899,00Selo PrimeEsta Ã© uma oferta prime9x de R$ 99,88 s/ juros;R$ 899,00 em atÃ© 12x de R$ 74,91 s/ juros com Ame e receba R$ 44,95 (5% de volta) R$ 899,00 no cartÃ£o Americanas.com em atÃ© 12x de R$ 74,91 s/ jurosformas de parcelamento;"Smartphone Samsung Galaxy J6+ 32GB Dual Chip Android Tela Infinita 6"" Quad-Core 1.4GHz 4G CÃ¢mera 13 + 5MP (Traseira) - Prata nas Lojas Americanas.com"
R$ 1.299,0010x de R$ 129,90 s/ juros;R$ 1.299,00 em atÃ© 12x de R$ 108,25 s/ juros com Ame e receba R$ 64,95 (5% de volta) R$ 1.299,00 no cartÃ£o Americanas.com em atÃ© 12x de R$ 108,25 s/ jurosformas de parcelamento;"Smartphone Samsung Galaxy J6+ 32GB Dual Chip Android Tela Infinita 6"" Quad-Core 1.4GHz 4G CÃ¢mera 13 + 5MP (Traseira) - Vermelho nas Lojas Americanas.com"
R$ 749,00Selo PrimeEsta Ã© uma oferta prime7x de R$ 107,00 s/ juros;R$ 749,00 em atÃ© 12x de R$ 62,41 s/ juros com Ame e receba R$ 37,45 (5% de volta) R$ 749,00 no cartÃ£o Americanas.com em atÃ© 12x de R$ 62,41 s/ jurosformas de parcelamento;"Smartphone Samsung Galaxy J4+ 32GB Dual Chip Android Tela Infinita 6"" Quad-Core 1.4GHz 4G CÃ¢mera 13MP - Cobre nas Lojas Americanas.com"
R$ 749,00Selo PrimeEsta Ã© uma oferta prime7x de R$ 107,00 s/ juros;R$ 749,00 em atÃ© 12x de R$ 62,41 s/ juros com Ame e receba R$ 37,45 (5% de volta) R$ 749,00 no cartÃ£o Americanas.com em atÃ© 12x de R$ 62,41 s/ jurosformas de parcelamento;"Smartphone Samsung Galaxy J4+ 32GB Dual Chip Android Tela Infinita 6"" Quad-Core 1.4GHz 4G CÃ¢mera 13MP - Preto nas Lojas Americanas.com"
R$ 749,00Selo PrimeEsta Ã© uma oferta prime7x de R$ 107,00 s/ juros;R$ 749,00 em atÃ© 12x de R$ 62,41 s/ juros com Ame e receba R$ 37,45 (5% de volta) R$ 659,12 em 1x no cartÃ£o de crÃ©dito (12% de desconto)R$ 749,00 no cartÃ£o Americanas.com em atÃ© 12x de R$ 62,41 s/ jurosformas de parcelamento;"Smartphone Samsung Galaxy J5 Prime Dual Chip Android 6.0 Tela 5"" Quad-Core 1.4 GHz 32GB 4G Wi-Fi CÃ¢mera 13MP com Leitor de Digital - Rosa nas Lojas Americanas.com"
R$ 899,00Selo PrimeEsta Ã© uma oferta prime9x de R$ 99,88 s/ juros;R$ 899,00 em atÃ© 12x de R$ 74,91 s/ juros com Ame e receba R$ 44,95 (5% de volta) R$ 899,00 no cartÃ£o Americanas.com em atÃ© 12x de R$ 74,91 s/ jurosformas de parcelamento;"Smartphone Samsung Galaxy J6+ 32GB Dual Chip Android Tela Infinita 6"" Quad-Core 1.4GHz 4G CÃ¢mera 13 + 5MP (Traseira) - Preto nas Lojas Americanas.com"
R$ 749,00Selo PrimeEsta Ã© uma oferta prime7x de R$ 107,00 s/ juros;R$ 749,00 em atÃ© 12x de R$ 62,41 s/ juros com Ame e receba R$ 37,45 (5% de volta) R$ 749,00 no cartÃ£o Americanas.com em atÃ© 12x de R$ 62,41 s/ jurosformas de parcelamento;"Smartphone Samsung Galaxy J4+ 32GB Dual Chip Android Tela Infinita 6"" Quad-Core 1.4GHz 4G CÃ¢mera 13MP - Rosa nas Lojas Americanas.com"
R$ 776,67Selo PrimeEsta Ã© uma oferta prime7x de R$ 110,95 s/ juros;R$ 776,67 em atÃ© 12x de R$ 64,72 s/ juros com Ame e receba R$ 38,84 (5% de volta) R$ 776,67 no cartÃ£o Americanas.com em atÃ© 12x de R$ 64,72 s/ jurosformas de parcelamento;"Smartphone Samsung Galaxy J4 32GB Dual Chip Android 8.0 Tela 5.5"" Quad-Core 1.4GHz 4G CÃ¢mera 13MP - Preto nas Lojas Americanas.com"
R$ 647,99Selo PrimeEsta Ã© uma oferta prime6x de R$ 107,99 s/ juros;R$ 647,99 em atÃ© 12x de R$ 53,99 s/ juros com Ame e receba R$ 32,40 (5% de volta) R$ 647,99 no cartÃ£o Americanas.com em atÃ© 12x de R$ 53,99 s/ jurosformas de parcelamento;"Smartphone Samsung Galaxy J4 Core 16GB Nano Chip Android Tela 6"" Quad-Core 1.4GHz 4G CÃ¢mera 8MP - Cobre nas Lojas Americanas.com"
R$ 699,00Selo PrimeEsta Ã© uma oferta prime7x de R$ 99,85 s/ juros;R$ 699,00 em atÃ© 12x de R$ 58,25 s/ juros com Ame e receba R$ 34,95 (5% de volta) R$ 699,00 no cartÃ£o Americanas.com em atÃ© 12x de R$ 58,25 s/ jurosformas de parcelamento;"Smartphone Samsung Galaxy J4 Core 16GB Nano Chip Android Tela 6"" Quad-Core 1.4GHz  4G CÃ¢mera 8MP - Preto nas Lojas Americanas.com"
R$ 1.335,4910x de R$ 133,54 s/ juros;R$ 1.335,49 em atÃ© 12x de R$ 111,29 s/ juros com Ame e receba R$ 66,78 (5% de volta) R$ 1.335,49 no cartÃ£o Americanas.com em atÃ© 12x de R$ 111,29 s/ jurosformas de parcelamento;"Smartphone Samsung Galaxy J5 Prime Dual Chip Android 6.0 Tela 5"" Quad-Core 1.4 GHz 32GB 4G Wi-Fi CÃ¢mera 13MP com Leitor de Digital - Dourado nas Lojas Americanas.com"
R$ 999,00Selo PrimeEsta Ã© uma oferta prime10x de R$ 99,90 s/ juros;R$ 999,00 em atÃ© 12x de R$ 83,25 s/ juros com Ame e receba R$ 49,95 (5% de volta) R$ 999,00 no cartÃ£o Americanas.com em atÃ© 12x de R$ 83,25 s/ jurosformas de parcelamento;"Smartphone Samsung Galaxy J6 64GB Dual Chip Android 8.0 Tela 5.6"" Octa-Core 1.6GHz 4G CÃ¢mera 13MP - Violeta nas Lojas Americanas.com"
R$ 4.999,00 (20% de desconto)R$ 3.999,20Selo PrimeEsta Ã© uma oferta primeem 1x no cartÃ£o;R$ 4.999,00 em atÃ© 12x de R$ 416,58 s/ juros com Ame e receba R$ 249,95 (5% de volta) R$ 4.999,00 no boleto bancÃ¡rioR$ 4.999,00 no cartÃ£o de crÃ©dito em atÃ© 10x de R$ 499,90 s/ jurosR$ 3.999,20 em 1x no cartÃ£o Americanas.com (20% de desconto) ou R$ 4.999,00 em atÃ© 12x de R$ 416,58 s/ jurosformas de parcelamento;Smartphone Samsung Galaxy S10 128GB Dual Chip Android Tela 6.1â€ù Octa-Core 4G CÃ¢mera Tripla Traseira 12MP + 12MP + 16MP - Preto nas Lojas Americanas.com
R$ 3.099,00Selo PrimeEsta Ã© uma oferta prime10x de R$ 309,90 s/ juros;R$ 3.099,00 em atÃ© 12x de R$ 258,25 s/ juros com Ame e receba R$ 154,95 (5% de volta) R$ 3.099,00 no cartÃ£o Americanas.com em atÃ© 12x de R$ 258,25 s/ jurosformas de parcelamento;"Smartphone Samsung Galaxy S9+ Dual Chip Android 8.0 Tela 6.2"" Octa-Core 2.8GHz 128GB 4G CÃ¢mera 12MP Dual Cam - Azul nas Lojas Americanas.com"
R$ 3.799,00Selo PrimeEsta Ã© uma oferta prime10x de R$ 379,90 s/ juros;R$ 3.799,00 em atÃ© 12x de R$ 316,58 s/ juros com Ame e receba R$ 189,95 (5% de volta) R$ 3.039,20 em 1x no cartÃ£o de crÃ©dito (20% de desconto)R$ 3.039,20 em 1x no cartÃ£o Americanas.com (20% de desconto) ou R$ 3.799,00 em atÃ© 12x de R$ 316,58 s/ jurosformas de parcelamento;"Smartphone Samsung Galaxy Note 9 128GB Nano Chip Android Tela 6.4"" Octa-Core 2.8GHz 4G CÃ¢mera Dupla 12MP 6GB RAM + Caneta S Pen com Controle Remoto - Preto nas Lojas Americanas.com"
R$ 3.799,00 (20% de desconto)R$ 3.039,20Selo PrimeEsta Ã© uma oferta primeem 1x no cartÃ£o;R$ 3.799,00 em atÃ© 12x de R$ 316,58 s/ juros com Ame e receba R$ 189,95 (5% de volta) R$ 3.799,00 no boleto bancÃ¡rioR$ 3.799,00 no cartÃ£o de crÃ©dito em atÃ© 10x de R$ 379,90 s/ jurosR$ 3.039,20 em 1x no cartÃ£o Americanas.com (20% de desconto) ou R$ 3.799,00 em atÃ© 12x de R$ 316,58 s/ jurosformas de parcelamento;"Smartphone Samsung Galaxy Note 9 128GB Nano Chip Android Tela 6.4"" Octa-Core 2.8GHz 4G CÃ¢mera Dupla 12MP 6GB RAM + Caneta S Pen com Controle Remoto - Azul nas Lojas Americanas.com"
R$ 2.798,0010x de R$ 279,80 s/ juros;R$ 2.798,00 em atÃ© 12x de R$ 233,16 s/ juros com Ame e receba R$ 139,90 (5% de volta) R$ 2.798,00 no cartÃ£o Americanas.com em atÃ© 12x de R$ 233,16 s/ jurosformas de parcelamento;"Smartphone Samsung Galaxy J7 Prime 2 Dual Chip Android 7.1 Tela 5.5"" Octa-Core 1.6GHz 32GB 4G CÃ¢mera 13MP com TV - Preto nas Lojas Americanas.com"
R$ 1.399,0010x de R$ 139,90 s/ juros;R$ 1.399,00 em atÃ© 12x de R$ 116,58 s/ juros com Ame e receba R$ 69,95 (5% de volta) R$ 1.399,00 no cartÃ£o Americanas.com em atÃ© 12x de R$ 116,58 s/ jurosformas de parcelamento;"Smartphone Samsung Galaxy J7 Prime Dual Chip Android Tela 5.5"" 32GB 4G CÃ¢mera 13MP - Dourado nas Lojas Americanas.com"
R$ 1.499,9910x de R$ 149,99 s/ juros;R$ 1.499,99 em atÃ© 12x de R$ 124,99 s/ juros com Ame e receba R$ 75,00 (5% de volta) R$ 1.499,99 no cartÃ£o Americanas.com em atÃ© 12x de R$ 124,99 s/ jurosformas de parcelamento;"Smartphone Samsung Galaxy J7 Prime 2 Dual Chip Android 7.1 Tela 5.5"" Octa-Core 1.6GHz 32GB 4G CÃ¢mera 13MP com TV - Dourado nas Lojas Americanas.com"
R$ 887,78 (10% de desconto)R$ 799,00Selo PrimeEsta Ã© uma oferta primeem 1x no cartÃ£o;R$ 887,78 em atÃ© 12x de R$ 73,98 s/ juros com Ame e receba R$ 44,39 (5% de volta) R$ 887,78 no boleto bancÃ¡rioR$ 887,78 no cartÃ£o de crÃ©dito em atÃ© 8x de R$ 110,97 s/ jurosR$ 887,78 no cartÃ£o Americanas.com em atÃ© 12x de R$ 73,98 s/ jurosformas de parcelamento;"Smartphone Motorola Moto G6 Play Dual Chip Android Oreo - 8.0 Tela 5.7"" Octa-Core 1.4 GHz 32GB 4G CÃ¢mera 13MP - Ouro nas Lojas Americanas.com"
R$ 887,78 (10% de desconto)R$ 799,00Selo PrimeEsta Ã© uma oferta primeem 1x no cartÃ£o;R$ 887,78 em atÃ© 12x de R$ 73,98 s/ juros com Ame e receba R$ 44,39 (5% de volta) R$ 887,78 no boleto bancÃ¡rioR$ 887,78 no cartÃ£o de crÃ©dito em atÃ© 8x de R$ 110,97 s/ jurosR$ 887,78 no cartÃ£o Americanas.com em atÃ© 12x de R$ 73,98 s/ jurosformas de parcelamento;"Smartphone Motorola Moto G6 Play Dual Chip Android Oreo - 8.0 Tela 5.7"" Octa-Core 1.4 GHz 32GB 4G CÃ¢mera 13MP - Ãçndigo nas Lojas Americanas.com"
R$ 887,78 (10% de desconto)R$ 799,00Selo PrimeEsta Ã© uma oferta primeem 1x no cartÃ£o;R$ 887,78 em atÃ© 12x de R$ 73,98 s/ juros com Ame e receba R$ 44,39 (5% de volta) R$ 887,78 no boleto bancÃ¡rioR$ 887,78 no cartÃ£o de crÃ©dito em atÃ© 8x de R$ 110,97 s/ jurosR$ 887,78 no cartÃ£o Americanas.com em atÃ© 12x de R$ 73,98 s/ jurosformas de parcelamento;Moto G7  Play Ouro nas Lojas Americanas.com
R$ 1.110,00Selo PrimeEsta Ã© uma oferta prime10x de R$ 111,00 s/ juros;R$ 1.110,00 em atÃ© 12x de R$ 92,50 s/ juros com Ame e receba R$ 55,50 (5% de volta) R$ 999,00 em 1x no cartÃ£o de crÃ©dito (10% de desconto)R$ 1.110,00 no cartÃ£o Americanas.com em atÃ© 12x de R$ 92,50 s/ jurosformas de parcelamento;"Smartphone Motorola Moto G7 Power 32GB Dual Chip Android Pie - 9.0 Tela 6.2"" 1.8 GHz Octa-Core 4G CÃ¢mera 12MP - Azul Navy nas Lojas Americanas.com"
R$ 1.588,86Selo PrimeEsta Ã© uma oferta prime10x de R$ 158,88 s/ juros;R$ 1.588,86 em atÃ© 12x de R$ 132,40 s/ juros com Ame e receba R$ 79,45 (5% de volta) R$ 1.588,86 no cartÃ£o Americanas.com em atÃ© 12x de R$ 132,40 s/ jurosformas de parcelamento;"Smartphone Motorola Moto G7 Plus 64GB Dual Chip Android Pie - 9.0 Tela 6.3"" 1.8 GHz Octa-Core 4G CÃ¢mera 16MP F1.7 + 5MP F1.9 (Dual Cam) - Indigo nas Lojas Americanas.com"
R$ 1.799,0010x de R$ 179,90 s/ juros;R$ 1.799,00 em atÃ© 12x de R$ 149,91 s/ juros com Ame e receba R$ 89,95 (5% de volta) R$ 1.529,15 no boleto bancÃ¡rio (15% de desconto)R$ 1.529,15 em 1x no cartÃ£o de crÃ©dito (15% de desconto)R$ 1.529,15 em 1x no cartÃ£o Americanas.com (15% de desconto) ou R$ 1.799,00 em atÃ© 12x de R$ 149,91 s/ jurosformas de parcelamento;"Smartphone Motorola Moto G7 Plus 64GB Dual Chip Android Pie - 9.0 Tela 6.3"" 1.8 GHz Octa-Core 4G CÃ¢mera 16MP F1.7 + 5MP F1.9 (Dual Cam) - Rubi nas Lojas Americanas.com"
R$ 887,78Selo PrimeEsta Ã© uma oferta prime8x de R$ 110,97 s/ juros;R$ 887,78 em atÃ© 12x de R$ 73,98 s/ juros com Ame e receba R$ 44,39 (5% de volta) R$ 799,00 em 1x no cartÃ£o de crÃ©dito (10% de desconto)R$ 887,78 no cartÃ£o Americanas.com em atÃ© 12x de R$ 73,98 s/ jurosformas de parcelamento;"Smartphone Motorola Moto G7 Play 32GB Dual Chip Android Pie - 9.0 Tela 5.7"" 1.8 GHz Octa-Core 4G CÃ¢mera 13MP - Indigo nas Lojas Americanas.com"
R$ 1.299,00 (10% de desconto)R$ 1.169,10no boleto ou em 1x no cartÃ£o;R$ 1.299,00 em atÃ© 12x de R$ 108,25 s/ juros com Ame e receba R$ 64,95 (5% de volta) R$ 1.299,00 no cartÃ£o de crÃ©dito em atÃ© 10x de R$ 129,90 s/ jurosR$ 1.169,10 em 1x no cartÃ£o Americanas.com (10% de desconto) ou R$ 1.299,00 em atÃ© 12x de R$ 108,25 s/ jurosformas de parcelamento;"Smartphone Motorola One 64GB Dual Chip Android Oreo 8.1 Tela 5.9"" 2.0 GHz Octa-Core Qualcomm 4G CÃ¢mera 13 + 2MP (Dual Traseira) - Branco nas Lojas Americanas.com"
R$ 1.221,11 (10% de desconto)R$ 1.098,99Selo PrimeEsta Ã© uma oferta primeem 1x no cartÃ£o;R$ 1.221,11 em atÃ© 12x de R$ 101,75 s/ juros com Ame e receba R$ 61,06 (5% de volta) R$ 1.221,11 no boleto bancÃ¡rioR$ 1.221,11 no cartÃ£o de crÃ©dito em atÃ© 10x de R$ 122,11 s/ jurosR$ 1.221,11 no cartÃ£o Americanas.com em atÃ© 12x de R$ 101,75 s/ jurosformas de parcelamento;"Smartphone Motorola One 64GB Dual Chip Android Oreo 8.1 Tela 5.9"" 2.0 GHz Octa-Core Qualcomm 4G CÃ¢mera 13 + 2MP (Dual Traseira) - Preto nas Lojas Americanas.com"
R$ 799,008x de R$ 99,87 s/ juros;R$ 799,00 em atÃ© 12x de R$ 66,58 s/ juros com Ame e receba R$ 39,95 (5% de volta) R$ 799,00 no cartÃ£o Americanas.com em atÃ© 12x de R$ 66,58 s/ jurosformas de parcelamento;"Smartphone Samsung Galaxy J7 Neo Dual Chip Android 7.0 Tela 5.5"" 16GB 4G CÃ¢mera 13MP - Dourado nas Lojas Americanas.com"
R$ 799,008x de R$ 99,87 s/ juros;R$ 799,00 em atÃ© 12x de R$ 66,58 s/ juros com Ame e receba R$ 39,95 (5% de volta) R$ 799,00 no cartÃ£o Americanas.com em atÃ© 12x de R$ 66,58 s/ jurosformas de parcelamento;"Smartphone Samsung Galaxy J7 Neo Dual Chip Android 7.0 Tela 5.5"" 16GB 4G CÃ¢mera 13MP com TV - Preto nas Lojas Americanas.com"
R$ 899,00Selo PrimeEsta Ã© uma oferta prime9x de R$ 99,88 s/ juros;R$ 899,00 em atÃ© 12x de R$ 74,91 s/ juros com Ame e receba R$ 44,95 (5% de volta) R$ 899,00 no cartÃ£o Americanas.com em atÃ© 12x de R$ 74,91 s/ jurosformas de parcelamento;"Smartphone Motorola Moto G6 32GB Dual Chip Android Oreo - 8.0 Tela 5.7"" Octa-Core 1.8 GHz 4G CÃ¢mera 12 + 5MP (Dual Traseira) - Ãçndigo nas Lojas Americanas.com"
R$ 1.199,00 (10% de desconto)R$ 1.079,10Selo PrimeEsta Ã© uma oferta primeem 1x no cartÃ£o;R$ 1.199,00 em atÃ© 12x de R$ 99,91 s/ juros com Ame e receba R$ 59,95 (5% de volta) R$ 1.199,00 no boleto bancÃ¡rioR$ 1.199,00 no cartÃ£o de crÃ©dito em atÃ© 10x de R$ 119,90 s/ jurosR$ 1.199,00 no cartÃ£o Americanas.com em atÃ© 12x de R$ 99,91 s/ jurosformas de parcelamento;"Smartphone Motorola Moto G6 Dual Chip Android Oreo - 8.0 Tela 5.7"" Octa-Core 1.8 GHz 64GB 4G CÃ¢mera 12 + 5MP (Dual Traseira) - Ouro Rose nas Lojas Americanas.com"
R$ 1.099,9910x de R$ 109,99 s/ juros;R$ 1.099,99 em atÃ© 12x de R$ 91,66 s/ juros com Ame e receba R$ 55,00 (5% de volta) R$ 1.099,99 no cartÃ£o Americanas.com em atÃ© 12x de R$ 91,66 s/ jurosformas de parcelamento;"Smartphone Motorola Moto G6 64GB Dual Chip Android Oreo - 8.0 Tela 5.7"" Octa-Core 1.8 GHz 4G CÃ¢mera 12 + 5MP (Dual Traseira) - Preto nas Lojas Americanas.com"
R$ 1.443,33 (10% de desconto)R$ 1.298,99Selo PrimeEsta Ã© uma oferta primeem 1x no cartÃ£o;R$ 1.443,33 em atÃ© 12x de R$ 120,27 s/ juros com Ame e receba R$ 72,17 (5% de volta) R$ 1.443,33 no boleto bancÃ¡rioR$ 1.443,33 no cartÃ£o de crÃ©dito em atÃ© 10x de R$ 144,33 s/ jurosR$ 1.443,33 no cartÃ£o Americanas.com em atÃ© 12x de R$ 120,27 s/ jurosformas de parcelamento;"Smartphone Motorola Moto G6 Plus Dual Chip Android Oreo - 8.0 Tela 5.9"" Octa-Core 2.2 GHz 64GB 4G CÃ¢mera 12 + 5MP (Dual Traseira) - Ãçndigo nas Lojas Americanas.com"
R$ 1.599,00 (10% de desconto)R$ 1.439,10no boleto ou em 1x no cartÃ£o;R$ 1.599,00 em atÃ© 12x de R$ 133,25 s/ juros com Ame e receba R$ 79,95 (5% de volta) R$ 1.599,00 no cartÃ£o de crÃ©dito em atÃ© 10x de R$ 159,90 s/ jurosR$ 1.439,10 em 1x no cartÃ£o Americanas.com (10% de desconto) ou R$ 1.599,00 em atÃ© 12x de R$ 133,25 s/ jurosformas de parcelamento;"Smartphone Motorola Moto G6 Plus 64GB Dual Chip Android Oreo - 8.0 Tela 5.9"" Octa-Core 2.2 GHz 4G CÃ¢mera 12 + 5MP (Dual Traseira) - Azul TopÃ¡zio nas Lojas Americanas.com"
R$ 1.332,22 (10% de desconto)R$ 1.198,99em 1x no cartÃ£o;R$ 1.332,22 em atÃ© 12x de R$ 111,01 s/ juros com Ame e receba R$ 66,62 (5% de volta) R$ 1.332,22 no boleto bancÃ¡rioR$ 1.332,22 no cartÃ£o de crÃ©dito em atÃ© 10x de R$ 133,22 s/ jurosR$ 1.332,22 no cartÃ£o Americanas.com em atÃ© 12x de R$ 111,01 s/ jurosformas de parcelamento;"Smartphone Motorola Moto G7 64GB Dual Chip Android Pie - 9.0 Tela 6.24"" 1.8 GHz Octa-Core 4G CÃ¢mera 12 + 5MP (Dual Traseira) - Ã”nix nas Lojas Americanas.com"
R$ 1.332,22 (10% de desconto)R$ 1.198,99Selo PrimeEsta Ã© uma oferta primeem 1x no cartÃ£o;R$ 1.332,22 em atÃ© 12x de R$ 111,01 s/ juros com Ame e receba R$ 66,62 (5% de volta) R$ 1.332,22 no boleto bancÃ¡rioR$ 1.332,22 no cartÃ£o de crÃ©dito em atÃ© 10x de R$ 133,22 s/ jurosR$ 1.332,22 no cartÃ£o Americanas.com em atÃ© 12x de R$ 111,01 s/ jurosformas de parcelamento;"Smartphone Motorola Moto G7 64GB Dual Chip Android Pie - 9.0 Tela 6.24"" 1.8 GHz Octa-Core 4G CÃ¢mera 12 + 5MP (Dual Traseira)- Branco Polar nas Lojas Americanas.com"
R$ 779,00Selo PrimeEsta Ã© uma oferta prime7x de R$ 111,28 s/ juros;R$ 779,00 em atÃ© 12x de R$ 64,91 s/ juros com Ame e receba R$ 38,95 (5% de volta) R$ 779,00 no cartÃ£o Americanas.com em atÃ© 12x de R$ 64,91 s/ jurosformas de parcelamento;"Smartphone Samsung Galaxy J4 32GB Dual Chip Android 8.0 Tela 5.5"" Quad-Core 1.4GHz 4G CÃ¢mera 13MP - Prata nas Lojas Americanas.com"
R$ 1.399,9010x de R$ 139,99 s/ juros;R$ 1.399,90 em atÃ© 12x de R$ 116,65 s/ juros com Ame e receba R$ 70,00 (5% de volta) R$ 1.399,90 no cartÃ£o Americanas.com em atÃ© 12x de R$ 116,65 s/ jurosformas de parcelamento;"Smartphone Samsung Galaxy J6 64GB Dual Chip Android 8.0 Tela 5.6"" Octa-Core 1.6GHz 4G CÃ¢mera 13MP - Preto nas Lojas Americanas.com"
R$ 1.199,9010x de R$ 119,99 s/ juros;R$ 1.199,90 em atÃ© 12x de R$ 99,99 s/ juros com Ame e receba R$ 60,00 (5% de volta) R$ 1.199,90 no cartÃ£o Americanas.com em atÃ© 12x de R$ 99,99 s/ jurosformas de parcelamento;"Smartphone Samsung Galaxy J6 64GB Dual Chip Android 8.0 Tela 5.6"" Octa-Core 1.6GHz 4G CÃ¢mera 13MP - Prata nas Lojas Americanas.com"
R$ 23,35Selo PrimeEsta Ã© uma oferta prime;R$ 23,35 em atÃ© 2x de R$ 11,67 s/ juros com Ame e receba R$ 1,17 (5% de volta) R$ 23,35 no cartÃ£o Americanas.com em atÃ© 2x de R$ 11,67 s/ jurosformas de parcelamento;Capa Para Moto G6 Play + PelÃ_cula de Vidro + PelÃ_cula Vidro da CÃ¢mera nas Lojas Americanas.com